GROUP,PACKAGE,CLASS,INSTRUCTION_MISSED,INSTRUCTION_COVERED,BRANCH_MISSED,BRANCH_COVERED,LINE_MISSED,LINE_COVERED,COMPLEXITY_MISSED,COMPLEXITY_COVERED,METHOD_MISSED,METHOD_COVERED
usuario-api-v2,com.exemplo.usuario.controller,CursoRestController,15,0,0,0,5,0,3,0,3,0
usuario-api-v2,com.exemplo.usuario.controller,HomeController,5,0,0,0,2,0,2,0,2,0
usuario-api-v2,com.exemplo.usuario.controller,MensalidadeRestController,12,0,0,0,4,0,2,0,2,0
usuario-api-v2,com.exemplo.usuario.controller,ApiExceptionHandler,72,0,0,0,14,0,4,0,4,0
usuario-api-v2,com.exemplo.usuario.controller,MatriculaRestController,28,0,0,0,6,0,4,0,4,0
usuario-api-v2,com.exemplo.usuario.controller,UsuarioRestController,20,0,0,0,6,0,4,0,4,0
usuario-api-v2,com.exemplo.usuario.service,MatriculaService,0,160,0,4,0,37,0,12,0,10
usuario-api-v2,com.exemplo.usuario.service,CursoService,0,41,0,0,0,7,0,4,0,4
usuario-api-v2,com.exemplo.usuario.service,MensalidadeService,1,113,1,13,0,31,1,10,0,4
usuario-api-v2,com.exemplo.usuario.service,UsuarioService,0,148,0,14,0,34,0,13,0,6
usuario-api-v2,com.exemplo.usuario.dto,MatriculaRequestDTO,24,0,0,0,11,0,7,0,7,0
usuario-api-v2,com.exemplo.usuario.dto,CursoResponseDTO,6,18,0,0,3,7,2,3,2,3
usuario-api-v2,com.exemplo.usuario.dto,UsuarioRequestDTO,0,24,0,0,0,11,0,7,0,7
usuario-api-v2,com.exemplo.usuario.dto,MensalidadeRequestDTO,0,10,0,0,0,5,0,3,0,3
usuario-api-v2,com.exemplo.usuario.dto,ConcluirMatriculaRequestDTO,10,0,0,0,5,0,3,0,3,0
usuario-api-v2,com.exemplo.usuario.dto,MatriculaResponseDTO,12,42,0,0,5,15,4,6,4,6
usuario-api-v2,com.exemplo.usuario.dto,CursoRequestDTO,0,17,0,0,0,8,0,5,0,5
usuario-api-v2,com.exemplo.usuario.dto,UsuarioResponseDTO,6,60,0,0,3,21,2,10,2,10
usuario-api-v2,com.exemplo.usuario.config,SecurityConfig,113,0,0,0,17,0,8,0,8,0
usuario-api-v2,com.exemplo.usuario.config,OpenApiConfig,23,0,0,0,6,0,2,0,2,0
usuario-api-v2,com.exemplo.usuario,UsuarioApplication,8,0,0,0,3,0,2,0,2,0
usuario-api-v2,com.exemplo.usuario.domain,Matricula,15,59,1,5,8,18,5,12,4,10
usuario-api-v2,com.exemplo.usuario.domain,Usuario,36,101,4,8,10,28,8,14,4,12
usuario-api-v2,com.exemplo.usuario.domain,Curso,18,30,1,1,6,7,4,4,3,4
usuario-api-v2,com.exemplo.usuario.domain,Mensalidade,11,38,1,3,5,12,4,8,3,7
usuario-api-v2,com.exemplo.usuario.domain,StatusMatricula,0,21,0,0,0,4,0,1,0,1
usuario-api-v2,com.exemplo.usuario.domain,Assinatura,38,90,1,3,16,22,9,10,8,9
usuario-api-v2,com.exemplo.usuario.domain,StatusMensalidade,0,15,0,0,0,3,0,1,0,1
usuario-api-v2,com.exemplo.usuario.domain,PlanoAssinatura,0,15,0,0,0,3,0,1,0,1
usuario-api-v2,com.exemplo.usuario.domain.vo,TituloCurso,34,24,6,4,6,7,7,3,3,2
usuario-api-v2,com.exemplo.usuario.domain.vo,DescricaoCurso,32,14,4,2,6,4,5,3,3,2
usuario-api-v2,com.exemplo.usuario.domain.vo,EmailUsuario,37,36,6,6,7,9,7,5,3,3
usuario-api-v2,com.exemplo.usuario.domain.vo,NomeUsuario,39,19,7,3,7,6,8,2,3,2
usuario-api-v2,com.exemplo.usuario.domain.vo,SenhaCriptografada,39,19,7,3,7,6,8,2,3,2
